epoch,loss,val_accuracy,val_precision,val_recall,val_f1
1,0.8926963961560334,0.5572168474543144,0.5572168474543144,1.0,0.7156573580169439
2,0.8800496374678874,0.5572168474543144,0.5572168474543144,1.0,0.7156573580169439
3,0.8797431634936768,0.5572168474543144,0.5572168474543144,1.0,0.7156573580169439
4,0.879702385904993,0.5572168474543144,0.5572168474543144,1.0,0.7156573580169439
5,0.8796962027894113,0.5572168474543144,0.5572168474543144,1.0,0.7156573580169439
6,0.8796976573248627,0.5572168474543144,0.5572168474543144,1.0,0.7156573580169439
7,0.8796985340344113,0.5572168474543144,0.5572168474543144,1.0,0.7156573580169439
8,0.8796987723200697,0.5572168474543144,0.5572168474543144,1.0,0.7156573580169439
9,0.8796964226782262,0.5572168474543144,0.5572168474543144,1.0,0.7156573580169439
10,0.8796957115098558,0.5572168474543144,0.5572168474543144,1.0,0.7156573580169439
11,0.8796987797111003,0.5572168474543144,0.5572168474543144,1.0,0.7156573580169439
12,0.8796988713445731,0.5572168474543144,0.5572168474543144,1.0,0.7156573580169439
13,0.8796973759163953,0.5572168474543144,0.5572168474543144,1.0,0.7156573580169439
14,0.8796988719109139,0.5572168474543144,0.5572168474543144,1.0,0.7156573580169439
15,0.8796978845000263,0.5572168474543144,0.5572168474543144,1.0,0.7156573580169439
16,0.8796983616730575,0.5572168474543144,0.5572168474543144,1.0,0.7156573580169439
17,0.8796967013057752,0.5572168474543144,0.5572168474543144,1.0,0.7156573580169439
18,0.8796984700021999,0.5572168474543144,0.5572168474543144,1.0,0.7156573580169439
19,0.8796971031464315,0.5572168474543144,0.5572168474543144,1.0,0.7156573580169439
20,0.8796998333034194,0.5572168474543144,0.5572168474543144,1.0,0.7156573580169439
21,0.8796976555125801,0.5572168474543144,0.5572168474543144,1.0,0.7156573580169439
22,0.8796982020845907,0.5572168474543144,0.5572168474543144,1.0,0.7156573580169439
23,0.8796985175625128,0.5572168474543144,0.5572168474543144,1.0,0.7156573580169439
24,0.8796975790556486,0.5572168474543144,0.5572168474543144,1.0,0.7156573580169439
25,0.879697799712172,0.5572168474543144,0.5572168474543144,1.0,0.7156573580169439
26,0.8796982622370415,0.5572168474543144,0.5572168474543144,1.0,0.7156573580169439
27,0.8796988095406283,0.5572168474543144,0.5572168474543144,1.0,0.7156573580169439
28,0.8796986640975573,0.5572168474543144,0.5572168474543144,1.0,0.7156573580169439
29,0.879698180456898,0.5572168474543144,0.5572168474543144,1.0,0.7156573580169439
30,0.8796987042911607,0.5572168474543144,0.5572168474543144,1.0,0.7156573580169439
31,0.8796963942650173,0.5572168474543144,0.5572168474543144,1.0,0.7156573580169439
32,0.8796978309772523,0.5572168474543144,0.5572168474543144,1.0,0.7156573580169439
33,0.8796979027971648,0.5572168474543144,0.5572168474543144,1.0,0.7156573580169439
34,0.879697750449294,0.5572168474543144,0.5572168474543144,1.0,0.7156573580169439
35,0.8796968804396216,0.5572168474543144,0.5572168474543144,1.0,0.7156573580169439
36,0.8796979415961561,0.5572168474543144,0.5572168474543144,1.0,0.7156573580169439
37,0.8796969909713792,0.5572168474543144,0.5572168474543144,1.0,0.7156573580169439
38,0.8796993642735635,0.5572168474543144,0.5572168474543144,1.0,0.7156573580169439
39,0.8796976368931488,0.5572168474543144,0.5572168474543144,1.0,0.7156573580169439
40,0.8796994574740202,0.5572168474543144,0.5572168474543144,1.0,0.7156573580169439
41,0.8796979691480528,0.5572168474543144,0.5572168474543144,1.0,0.7156573580169439
42,0.8796979517377539,0.5572168474543144,0.5572168474543144,1.0,0.7156573580169439
43,0.8796982530262918,0.5572168474543144,0.5572168474543144,1.0,0.7156573580169439
44,0.8796970782830609,0.5572168474543144,0.5572168474543144,1.0,0.7156573580169439
45,0.8796987846352606,0.5572168474543144,0.5572168474543144,1.0,0.7156573580169439
46,0.8796990226080827,0.5572168474543144,0.5572168474543144,1.0,0.7156573580169439
47,0.8796981082527586,0.5572168474543144,0.5572168474543144,1.0,0.7156573580169439
48,0.8796974229256024,0.5572168474543144,0.5572168474543144,1.0,0.7156573580169439
49,0.8796979687513369,0.5572168474543144,0.5572168474543144,1.0,0.7156573580169439
50,0.8796977912213654,0.5572168474543144,0.5572168474543144,1.0,0.7156573580169439
51,0.8796978868281009,0.5572168474543144,0.5572168474543144,1.0,0.7156573580169439
52,0.8796985705192262,0.5572168474543144,0.5572168474543144,1.0,0.7156573580169439
53,0.8796982230595138,0.5572168474543144,0.5572168474543144,1.0,0.7156573580169439
54,0.8796981671320289,0.5572168474543144,0.5572168474543144,1.0,0.7156573580169439
55,0.8796992442559379,0.5572168474543144,0.5572168474543144,1.0,0.7156573580169439
56,0.8796991795120439,0.5572168474543144,0.5572168474543144,1.0,0.7156573580169439
57,0.8796978385575058,0.5572168474543144,0.5572168474543144,1.0,0.7156573580169439
58,0.8796987829055759,0.5572168474543144,0.5572168474543144,1.0,0.7156573580169439
59,0.8796978147626776,0.5572168474543144,0.5572168474543144,1.0,0.7156573580169439
60,0.8796987322290485,0.5572168474543144,0.5572168474543144,1.0,0.7156573580169439
61,0.8796968302570011,0.5572168474543144,0.5572168474543144,1.0,0.7156573580169439
62,0.8796966936127073,0.5572168474543144,0.5572168474543144,1.0,0.7156573580169439
63,0.8796982776309761,0.5572168474543144,0.5572168474543144,1.0,0.7156573580169439
64,0.879699065475802,0.5572168474543144,0.5572168474543144,1.0,0.7156573580169439
65,0.8796977258342562,0.5572168474543144,0.5572168474543144,1.0,0.7156573580169439
66,0.8796977249453465,0.5572168474543144,0.5572168474543144,1.0,0.7156573580169439
67,0.8796986399276202,0.5572168474543144,0.5572168474543144,1.0,0.7156573580169439
68,0.8796973742072882,0.5572168474543144,0.5572168474543144,1.0,0.7156573580169439
69,0.8796997611732096,0.5572168474543144,0.5572168474543144,1.0,0.7156573580169439
70,0.8796987438707836,0.5572168474543144,0.5572168474543144,1.0,0.7156573580169439
71,0.8796974187760545,0.5572168474543144,0.5572168474543144,1.0,0.7156573580169439
72,0.8796981918677504,0.5572168474543144,0.5572168474543144,1.0,0.7156573580169439
73,0.879699054480737,0.5572168474543144,0.5572168474543144,1.0,0.7156573580169439
74,0.8796977389054723,0.5572168474543144,0.5572168474543144,1.0,0.7156573580169439
75,0.8796972324439393,0.5572168474543144,0.5572168474543144,1.0,0.7156573580169439
76,0.879698406292799,0.5572168474543144,0.5572168474543144,1.0,0.7156573580169439
77,0.8796972202293982,0.5572168474543144,0.5572168474543144,1.0,0.7156573580169439
78,0.8796982388755727,0.5572168474543144,0.5572168474543144,1.0,0.7156573580169439
79,0.8796990098004713,0.5572168474543144,0.5572168474543144,1.0,0.7156573580169439
80,0.8796986093855579,0.5572168474543144,0.5572168474543144,1.0,0.7156573580169439
81,0.8796985681333204,0.5572168474543144,0.5572168474543144,1.0,0.7156573580169439
82,0.8796987289915993,0.5572168474543144,0.5572168474543144,1.0,0.7156573580169439
83,0.8796983178075845,0.5572168474543144,0.5572168474543144,1.0,0.7156573580169439
84,0.8796972519766134,0.5572168474543144,0.5572168474543144,1.0,0.7156573580169439
85,0.8796977975160793,0.5572168474543144,0.5572168474543144,1.0,0.7156573580169439
86,0.8796996585301373,0.5572168474543144,0.5572168474543144,1.0,0.7156573580169439
87,0.8796973032499928,0.5572168474543144,0.5572168474543144,1.0,0.7156573580169439
88,0.8796982105822795,0.5572168474543144,0.5572168474543144,1.0,0.7156573580169439
89,0.8796981070736131,0.5572168474543144,0.5572168474543144,1.0,0.7156573580169439
90,0.8796979906615966,0.5572168474543144,0.5572168474543144,1.0,0.7156573580169439
91,0.8796979398829067,0.5572168474543144,0.5572168474543144,1.0,0.7156573580169439
92,0.8796986325617473,0.5572168474543144,0.5572168474543144,1.0,0.7156573580169439
93,0.8796994647529746,0.5572168474543144,0.5572168474543144,1.0,0.7156573580169439
94,0.8796980424294312,0.5572168474543144,0.5572168474543144,1.0,0.7156573580169439
95,0.8796975992467538,0.5572168474543144,0.5572168474543144,1.0,0.7156573580169439
96,0.8796983492711509,0.5572168474543144,0.5572168474543144,1.0,0.7156573580169439
97,0.8796975736210128,0.5572168474543144,0.5572168474543144,1.0,0.7156573580169439
98,0.8796985540894989,0.5572168474543144,0.5572168474543144,1.0,0.7156573580169439
99,0.879698082498177,0.5572168474543144,0.5572168474543144,1.0,0.7156573580169439
100,0.8796986751219439,0.5572168474543144,0.5572168474543144,1.0,0.7156573580169439
101,0.8796992509587779,0.5572168474543144,0.5572168474543144,1.0,0.7156573580169439
102,0.8796970192867802,0.5572168474543144,0.5572168474543144,1.0,0.7156573580169439
103,0.8796979141439663,0.5572168474543144,0.5572168474543144,1.0,0.7156573580169439
104,0.8796997159178055,0.5572168474543144,0.5572168474543144,1.0,0.7156573580169439
105,0.879698497183603,0.5572168474543144,0.5572168474543144,1.0,0.7156573580169439
106,0.8796970662560792,0.5572168474543144,0.5572168474543144,1.0,0.7156573580169439
107,0.8796980736703692,0.5572168474543144,0.5572168474543144,1.0,0.7156573580169439
108,0.8796983630676103,0.5572168474543144,0.5572168474543144,1.0,0.7156573580169439
109,0.8796981521074503,0.5572168474543144,0.5572168474543144,1.0,0.7156573580169439
110,0.8796979832666844,0.5572168474543144,0.5572168474543144,1.0,0.7156573580169439
111,0.879697517380763,0.5572168474543144,0.5572168474543144,1.0,0.7156573580169439
112,0.8796973338123873,0.5572168474543144,0.5572168474543144,1.0,0.7156573580169439
113,0.8796984148305065,0.5572168474543144,0.5572168474543144,1.0,0.7156573580169439
114,0.8796993603353014,0.5572168474543144,0.5572168474543144,1.0,0.7156573580169439
115,0.8796976049632226,0.5572168474543144,0.5572168474543144,1.0,0.7156573580169439
116,0.8796995569858298,0.5572168474543144,0.5572168474543144,1.0,0.7156573580169439
117,0.8796976973024433,0.5572168474543144,0.5572168474543144,1.0,0.7156573580169439
118,0.879697690288691,0.5572168474543144,0.5572168474543144,1.0,0.7156573580169439
119,0.8796985627782767,0.5572168474543144,0.5572168474543144,1.0,0.7156573580169439
120,0.8796983417923633,0.5572168474543144,0.5572168474543144,1.0,0.7156573580169439
121,0.8796975792711766,0.5572168474543144,0.5572168474543144,1.0,0.7156573580169439
122,0.8796985704797469,0.5572168474543144,0.5572168474543144,1.0,0.7156573580169439
123,0.8796994599540822,0.5572168474543144,0.5572168474543144,1.0,0.7156573580169439
124,0.8796986575659502,0.5572168474543144,0.5572168474543144,1.0,0.7156573580169439
125,0.8796970617270419,0.5572168474543144,0.5572168474543144,1.0,0.7156573580169439
126,0.8796998780606087,0.5572168474543144,0.5572168474543144,1.0,0.7156573580169439
127,0.8796972347341367,0.5572168474543144,0.5572168474543144,1.0,0.7156573580169439
128,0.8796970031022447,0.5572168474543144,0.5572168474543144,1.0,0.7156573580169439
129,0.8796984702078454,0.5572168474543144,0.5572168474543144,1.0,0.7156573580169439
130,0.8796975993009781,0.5572168474543144,0.5572168474543144,1.0,0.7156573580169439
131,0.8796998900982599,0.5572168474543144,0.5572168474543144,1.0,0.7156573580169439
132,0.8796978670991834,0.5572168474543144,0.5572168474543144,1.0,0.7156573580169439
133,0.8796982540263618,0.5572168474543144,0.5572168474543144,1.0,0.7156573580169439
134,0.8796993474634883,0.5572168474543144,0.5572168474543144,1.0,0.7156573580169439
135,0.8796989143115812,0.5572168474543144,0.5572168474543144,1.0,0.7156573580169439
136,0.8796964835981382,0.5572168474543144,0.5572168474543144,1.0,0.7156573580169439
137,0.8796989352350457,0.5572168474543144,0.5572168474543144,1.0,0.7156573580169439
138,0.8796989979541621,0.5572168474543144,0.5572168474543144,1.0,0.7156573580169439
139,0.8796975481736612,0.5572168474543144,0.5572168474543144,1.0,0.7156573580169439
140,0.8796968350216927,0.5572168474543144,0.5572168474543144,1.0,0.7156573580169439
141,0.8796988670178004,0.5572168474543144,0.5572168474543144,1.0,0.7156573580169439
142,0.8796977760408374,0.5572168474543144,0.5572168474543144,1.0,0.7156573580169439
143,0.8796992513947003,0.5572168474543144,0.5572168474543144,1.0,0.7156573580169439
144,0.8796989267089066,0.5572168474543144,0.5572168474543144,1.0,0.7156573580169439
145,0.87969790048481,0.5572168474543144,0.5572168474543144,1.0,0.7156573580169439
146,0.8796990725789108,0.5572168474543144,0.5572168474543144,1.0,0.7156573580169439
147,0.8796968108791184,0.5572168474543144,0.5572168474543144,1.0,0.7156573580169439
148,0.8796987013639487,0.5572168474543144,0.5572168474543144,1.0,0.7156573580169439
149,0.8796970743719157,0.5572168474543144,0.5572168474543144,1.0,0.7156573580169439
150,0.8796988431203036,0.5572168474543144,0.5572168474543144,1.0,0.7156573580169439
151,0.8796976198369473,0.5572168474543144,0.5572168474543144,1.0,0.7156573580169439
152,0.8796969655747325,0.5572168474543144,0.5572168474543144,1.0,0.7156573580169439
153,0.8796982256273002,0.5572168474543144,0.5572168474543144,1.0,0.7156573580169439
154,0.8796985306012481,0.5572168474543144,0.5572168474543144,1.0,0.7156573580169439
155,0.8796976334668557,0.5572168474543144,0.5572168474543144,1.0,0.7156573580169439
156,0.8796994730307911,0.5572168474543144,0.5572168474543144,1.0,0.7156573580169439
157,0.8796974165158954,0.5572168474543144,0.5572168474543144,1.0,0.7156573580169439
158,0.8796978621449776,0.5572168474543144,0.5572168474543144,1.0,0.7156573580169439
159,0.8796970942060174,0.5572168474543144,0.5572168474543144,1.0,0.7156573580169439
160,0.8796998747618022,0.5572168474543144,0.5572168474543144,1.0,0.7156573580169439
161,0.8797001266472106,0.5572168474543144,0.5572168474543144,1.0,0.7156573580169439
162,0.8796978558061124,0.5572168474543144,0.5572168474543144,1.0,0.7156573580169439
163,0.8796974357760848,0.5572168474543144,0.5572168474543144,1.0,0.7156573580169439
164,0.8796978545613627,0.5572168474543144,0.5572168474543144,1.0,0.7156573580169439
165,0.8796988166585479,0.5572168474543144,0.5572168474543144,1.0,0.7156573580169439
166,0.8796983790965729,0.5572168474543144,0.5572168474543144,1.0,0.7156573580169439
167,0.8796972245998019,0.5572168474543144,0.5572168474543144,1.0,0.7156573580169439
168,0.8796976801535865,0.5572168474543144,0.5572168474543144,1.0,0.7156573580169439
169,0.8796987745212866,0.5572168474543144,0.5572168474543144,1.0,0.7156573580169439
170,0.879700334948808,0.5572168474543144,0.5572168474543144,1.0,0.7156573580169439
171,0.8796972438193815,0.5572168474543144,0.5572168474543144,1.0,0.7156573580169439
172,0.879697188825909,0.5572168474543144,0.5572168474543144,1.0,0.7156573580169439
173,0.8796994141150091,0.5572168474543144,0.5572168474543144,1.0,0.7156573580169439
174,0.8796967046841356,0.5572168474543144,0.5572168474543144,1.0,0.7156573580169439
175,0.8796975502106796,0.5572168474543144,0.5572168474543144,1.0,0.7156573580169439
176,0.8796975160710953,0.5572168474543144,0.5572168474543144,1.0,0.7156573580169439
177,0.8796978640294224,0.5572168474543144,0.5572168474543144,1.0,0.7156573580169439
178,0.8796986987815691,0.5572168474543144,0.5572168474543144,1.0,0.7156573580169439
179,0.8796976336341611,0.5572168474543144,0.5572168474543144,1.0,0.7156573580169439
180,0.8796989077439948,0.5572168474543144,0.5572168474543144,1.0,0.7156573580169439
181,0.8796973147242406,0.5572168474543144,0.5572168474543144,1.0,0.7156573580169439
182,0.8796994755181897,0.5572168474543144,0.5572168474543144,1.0,0.7156573580169439
183,0.879696517462467,0.5572168474543144,0.5572168474543144,1.0,0.7156573580169439
184,0.8796984149264221,0.5572168474543144,0.5572168474543144,1.0,0.7156573580169439
185,0.879696913401566,0.5572168474543144,0.5572168474543144,1.0,0.7156573580169439
186,0.8796978856675965,0.5572168474543144,0.5572168474543144,1.0,0.7156573580169439
187,0.8797003241692902,0.5572168474543144,0.5572168474543144,1.0,0.7156573580169439
188,0.8796983425279101,0.5572168474543144,0.5572168474543144,1.0,0.7156573580169439
189,0.879697511027637,0.5572168474543144,0.5572168474543144,1.0,0.7156573580169439
190,0.8796987352600043,0.5572168474543144,0.5572168474543144,1.0,0.7156573580169439
191,0.879698899439523,0.5572168474543144,0.5572168474543144,1.0,0.7156573580169439
192,0.8796992495924053,0.5572168474543144,0.5572168474543144,1.0,0.7156573580169439
193,0.879695701348119,0.5572168474543144,0.5572168474543144,1.0,0.7156573580169439
194,0.8796980362829936,0.5572168474543144,0.5572168474543144,1.0,0.7156573580169439
195,0.8796990584707159,0.5572168474543144,0.5572168474543144,1.0,0.7156573580169439
196,0.8796982560071636,0.5572168474543144,0.5572168474543144,1.0,0.7156573580169439
197,0.8796988148302407,0.5572168474543144,0.5572168474543144,1.0,0.7156573580169439
198,0.8796987534518564,0.5572168474543144,0.5572168474543144,1.0,0.7156573580169439
199,0.8796980283542594,0.5572168474543144,0.5572168474543144,1.0,0.7156573580169439
200,0.8796972556886734,0.5572168474543144,0.5572168474543144,1.0,0.7156573580169439
201,0.8796977310607315,0.5572168474543144,0.5572168474543144,1.0,0.7156573580169439
202,0.8796979490407917,0.5572168474543144,0.5572168474543144,1.0,0.7156573580169439
203,0.8796981953695107,0.5572168474543144,0.5572168474543144,1.0,0.7156573580169439
204,0.879697781609434,0.5572168474543144,0.5572168474543144,1.0,0.7156573580169439
205,0.8796977980036236,0.5572168474543144,0.5572168474543144,1.0,0.7156573580169439
206,0.8796987522248282,0.5572168474543144,0.5572168474543144,1.0,0.7156573580169439
207,0.8796979932825135,0.5572168474543144,0.5572168474543144,1.0,0.7156573580169439
208,0.8796984501746777,0.5572168474543144,0.5572168474543144,1.0,0.7156573580169439
209,0.8796969292854915,0.5572168474543144,0.5572168474543144,1.0,0.7156573580169439
210,0.8796990765137386,0.5572168474543144,0.5572168474543144,1.0,0.7156573580169439
211,0.8796992245550936,0.5572168474543144,0.5572168474543144,1.0,0.7156573580169439
212,0.8796973314580713,0.5572168474543144,0.5572168474543144,1.0,0.7156573580169439
213,0.8796976647668556,0.5572168474543144,0.5572168474543144,1.0,0.7156573580169439
214,0.8796997246167063,0.5572168474543144,0.5572168474543144,1.0,0.7156573580169439
215,0.8796974932156261,0.5572168474543144,0.5572168474543144,1.0,0.7156573580169439
216,0.8796977359582655,0.5572168474543144,0.5572168474543144,1.0,0.7156573580169439
217,0.8796986827740017,0.5572168474543144,0.5572168474543144,1.0,0.7156573580169439
218,0.8796977408001884,0.5572168474543144,0.5572168474543144,1.0,0.7156573580169439
219,0.8796977782814156,0.5572168474543144,0.5572168474543144,1.0,0.7156573580169439
220,0.879698024193821,0.5572168474543144,0.5572168474543144,1.0,0.7156573580169439
221,0.8796988095000668,0.5572168474543144,0.5572168474543144,1.0,0.7156573580169439
222,0.8796977301543683,0.5572168474543144,0.5572168474543144,1.0,0.7156573580169439
223,0.8796980657483938,0.5572168474543144,0.5572168474543144,1.0,0.7156573580169439
224,0.8796976527925114,0.5572168474543144,0.5572168474543144,1.0,0.7156573580169439
225,0.8796977502908069,0.5572168474543144,0.5572168474543144,1.0,0.7156573580169439
226,0.8796992670608385,0.5572168474543144,0.5572168474543144,1.0,0.7156573580169439
227,0.8796974891380765,0.5572168474543144,0.5572168474543144,1.0,0.7156573580169439
228,0.8796992543797426,0.5572168474543144,0.5572168474543144,1.0,0.7156573580169439
229,0.8796988877775204,0.5572168474543144,0.5572168474543144,1.0,0.7156573580169439
230,0.8796981064862152,0.5572168474543144,0.5572168474543144,1.0,0.7156573580169439
231,0.8796973057489255,0.5572168474543144,0.5572168474543144,1.0,0.7156573580169439
232,0.8796988156650513,0.5572168474543144,0.5572168474543144,1.0,0.7156573580169439
233,0.8796979199314165,0.5572168474543144,0.5572168474543144,1.0,0.7156573580169439
234,0.8796989324037632,0.5572168474543144,0.5572168474543144,1.0,0.7156573580169439
235,0.8796978822205673,0.5572168474543144,0.5572168474543144,1.0,0.7156573580169439
236,0.8796979030556077,0.5572168474543144,0.5572168474543144,1.0,0.7156573580169439
237,0.8796976684336906,0.5572168474543144,0.5572168474543144,1.0,0.7156573580169439
238,0.8796982570432311,0.5572168474543144,0.5572168474543144,1.0,0.7156573580169439
239,0.8796978457062672,0.5572168474543144,0.5572168474543144,1.0,0.7156573580169439
240,0.8796995768923339,0.5572168474543144,0.5572168474543144,1.0,0.7156573580169439
241,0.8796986560446728,0.5572168474543144,0.5572168474543144,1.0,0.7156573580169439
242,0.8796981149253024,0.5572168474543144,0.5572168474543144,1.0,0.7156573580169439
243,0.8796979391305122,0.5572168474543144,0.5572168474543144,1.0,0.7156573580169439
244,0.8796986782958589,0.5572168474543144,0.5572168474543144,1.0,0.7156573580169439
245,0.8796973658371101,0.5572168474543144,0.5572168474543144,1.0,0.7156573580169439
246,0.8796986691131737,0.5572168474543144,0.5572168474543144,1.0,0.7156573580169439
247,0.8796975354344562,0.5572168474543144,0.5572168474543144,1.0,0.7156573580169439
248,0.8796977075302604,0.5572168474543144,0.5572168474543144,1.0,0.7156573580169439
249,0.879698546136125,0.5572168474543144,0.5572168474543144,1.0,0.7156573580169439
250,0.8796978436895696,0.5572168474543144,0.5572168474543144,1.0,0.7156573580169439
251,0.8796981678658433,0.5572168474543144,0.5572168474543144,1.0,0.7156573580169439
252,0.879699242860761,0.5572168474543144,0.5572168474543144,1.0,0.7156573580169439
253,0.8796960877047716,0.5572168474543144,0.5572168474543144,1.0,0.7156573580169439
254,0.8796967870213422,0.5572168474543144,0.5572168474543144,1.0,0.7156573580169439
255,0.8796995941622624,0.5572168474543144,0.5572168474543144,1.0,0.7156573580169439
256,0.8796990656581752,0.5572168474543144,0.5572168474543144,1.0,0.7156573580169439
257,0.8796978131026953,0.5572168474543144,0.5572168474543144,1.0,0.7156573580169439
258,0.8796984228267685,0.5572168474543144,0.5572168474543144,1.0,0.7156573580169439
259,0.8796980491471054,0.5572168474543144,0.5572168474543144,1.0,0.7156573580169439
260,0.879698062956012,0.5572168474543144,0.5572168474543144,1.0,0.7156573580169439
261,0.8796976955026639,0.5572168474543144,0.5572168474543144,1.0,0.7156573580169439
262,0.8796980251362017,0.5572168474543144,0.5572168474543144,1.0,0.7156573580169439
263,0.8796988441044021,0.5572168474543144,0.5572168474543144,1.0,0.7156573580169439
264,0.87969935835475,0.5572168474543144,0.5572168474543144,1.0,0.7156573580169439
265,0.879696583882501,0.5572168474543144,0.5572168474543144,1.0,0.7156573580169439
266,0.8796985974099311,0.5572168474543144,0.5572168474543144,1.0,0.7156573580169439
267,0.8796968754559961,0.5572168474543144,0.5572168474543144,1.0,0.7156573580169439
268,0.8796991031487339,0.5572168474543144,0.5572168474543144,1.0,0.7156573580169439
269,0.8796978810139876,0.5572168474543144,0.5572168474543144,1.0,0.7156573580169439
270,0.8796982049817172,0.5572168474543144,0.5572168474543144,1.0,0.7156573580169439
271,0.8796987772775302,0.5572168474543144,0.5572168474543144,1.0,0.7156573580169439
272,0.8796973707479775,0.5572168474543144,0.5572168474543144,1.0,0.7156573580169439
273,0.8796983860981058,0.5572168474543144,0.5572168474543144,1.0,0.7156573580169439
274,0.8796965611338841,0.5572168474543144,0.5572168474543144,1.0,0.7156573580169439
275,0.8796969766300176,0.5572168474543144,0.5572168474543144,1.0,0.7156573580169439
276,0.8796985594450935,0.5572168474543144,0.5572168474543144,1.0,0.7156573580169439
277,0.8796982094327253,0.5572168474543144,0.5572168474543144,1.0,0.7156573580169439
278,0.879698210058203,0.5572168474543144,0.5572168474543144,1.0,0.7156573580169439
279,0.8796973918692964,0.5572168474543144,0.5572168474543144,1.0,0.7156573580169439
280,0.8796986320379432,0.5572168474543144,0.5572168474543144,1.0,0.7156573580169439
281,0.8796987688426018,0.5572168474543144,0.5572168474543144,1.0,0.7156573580169439
282,0.8796979818797506,0.5572168474543144,0.5572168474543144,1.0,0.7156573580169439
283,0.8796985161629425,0.5572168474543144,0.5572168474543144,1.0,0.7156573580169439
284,0.8796967788128804,0.5572168474543144,0.5572168474543144,1.0,0.7156573580169439
285,0.8796985149652617,0.5572168474543144,0.5572168474543144,1.0,0.7156573580169439
286,0.8796982742221975,0.5572168474543144,0.5572168474543144,1.0,0.7156573580169439
287,0.8796991194275822,0.5572168474543144,0.5572168474543144,1.0,0.7156573580169439
288,0.8796999227619434,0.5572168474543144,0.5572168474543144,1.0,0.7156573580169439
289,0.8796972806752148,0.5572168474543144,0.5572168474543144,1.0,0.7156573580169439
290,0.8796990986393458,0.5572168474543144,0.5572168474543144,1.0,0.7156573580169439
291,0.8796963389377526,0.5572168474543144,0.5572168474543144,1.0,0.7156573580169439
292,0.8796984770442631,0.5572168474543144,0.5572168474543144,1.0,0.7156573580169439
293,0.8796985006467777,0.5572168474543144,0.5572168474543144,1.0,0.7156573580169439
294,0.879697276245308,0.5572168474543144,0.5572168474543144,1.0,0.7156573580169439
295,0.8796987328935783,0.5572168474543144,0.5572168474543144,1.0,0.7156573580169439
296,0.8796968570144809,0.5572168474543144,0.5572168474543144,1.0,0.7156573580169439
297,0.8796987430048294,0.5572168474543144,0.5572168474543144,1.0,0.7156573580169439
298,0.8796988070608106,0.5572168474543144,0.5572168474543144,1.0,0.7156573580169439
299,0.8796990705592729,0.5572168474543144,0.5572168474543144,1.0,0.7156573580169439
300,0.8796974572075936,0.5572168474543144,0.5572168474543144,1.0,0.7156573580169439
301,0.8796968387330544,0.5572168474543144,0.5572168474543144,1.0,0.7156573580169439
302,0.8796987658057943,0.5572168474543144,0.5572168474543144,1.0,0.7156573580169439
303,0.8796974915552637,0.5572168474543144,0.5572168474543144,1.0,0.7156573580169439
304,0.8796979167864324,0.5572168474543144,0.5572168474543144,1.0,0.7156573580169439
305,0.8796977816614275,0.5572168474543144,0.5572168474543144,1.0,0.7156573580169439
306,0.8796984677406148,0.5572168474543144,0.5572168474543144,1.0,0.7156573580169439
307,0.8796989292850289,0.5572168474543144,0.5572168474543144,1.0,0.7156573580169439
308,0.8796996472600986,0.5572168474543144,0.5572168474543144,1.0,0.7156573580169439
309,0.8796967147570167,0.5572168474543144,0.5572168474543144,1.0,0.7156573580169439
310,0.8797001161452207,0.5572168474543144,0.5572168474543144,1.0,0.7156573580169439
311,0.8796975564980937,0.5572168474543144,0.5572168474543144,1.0,0.7156573580169439
312,0.8796989588374093,0.5572168474543144,0.5572168474543144,1.0,0.7156573580169439
313,0.8796980598090204,0.5572168474543144,0.5572168474543144,1.0,0.7156573580169439
314,0.8796968471066287,0.5572168474543144,0.5572168474543144,1.0,0.7156573580169439
315,0.8796976559177884,0.5572168474543144,0.5572168474543144,1.0,0.7156573580169439
316,0.8796987096017723,0.5572168474543144,0.5572168474543144,1.0,0.7156573580169439
317,0.8796975895698882,0.5572168474543144,0.5572168474543144,1.0,0.7156573580169439
318,0.8796992403218267,0.5572168474543144,0.5572168474543144,1.0,0.7156573580169439
319,0.8796969989490296,0.5572168474543144,0.5572168474543144,1.0,0.7156573580169439
320,0.8796987124345412,0.5572168474543144,0.5572168474543144,1.0,0.7156573580169439
321,0.8796981022382714,0.5572168474543144,0.5572168474543144,1.0,0.7156573580169439
322,0.8796978836731552,0.5572168474543144,0.5572168474543144,1.0,0.7156573580169439
323,0.8796973035635715,0.5572168474543144,0.5572168474543144,1.0,0.7156573580169439
324,0.8796984519536961,0.5572168474543144,0.5572168474543144,1.0,0.7156573580169439
325,0.8796987527532549,0.5572168474543144,0.5572168474543144,1.0,0.7156573580169439
326,0.8796968909781965,0.5572168474543144,0.5572168474543144,1.0,0.7156573580169439
327,0.8796978662407184,0.5572168474543144,0.5572168474543144,1.0,0.7156573580169439
328,0.8796982016774619,0.5572168474543144,0.5572168474543144,1.0,0.7156573580169439
329,0.8796982328557816,0.5572168474543144,0.5572168474543144,1.0,0.7156573580169439
330,0.8796981854227812,0.5572168474543144,0.5572168474543144,1.0,0.7156573580169439
331,0.8796980974715779,0.5572168474543144,0.5572168474543144,1.0,0.7156573580169439
332,0.8796996327524909,0.5572168474543144,0.5572168474543144,1.0,0.7156573580169439
333,0.8796989353859009,0.5572168474543144,0.5572168474543144,1.0,0.7156573580169439
334,0.879696887202342,0.5572168474543144,0.5572168474543144,1.0,0.7156573580169439
335,0.8796983666317485,0.5572168474543144,0.5572168474543144,1.0,0.7156573580169439
336,0.8796986584246343,0.5572168474543144,0.5572168474543144,1.0,0.7156573580169439
337,0.8796980843157156,0.5572168474543144,0.5572168474543144,1.0,0.7156573580169439
338,0.8796981000801809,0.5572168474543144,0.5572168474543144,1.0,0.7156573580169439
339,0.8796982907413309,0.5572168474543144,0.5572168474543144,1.0,0.7156573580169439
340,0.8796981750815774,0.5572168474543144,0.5572168474543144,1.0,0.7156573580169439
341,0.87969906654686,0.5572168474543144,0.5572168474543144,1.0,0.7156573580169439
342,0.879697936089513,0.5572168474543144,0.5572168474543144,1.0,0.7156573580169439
343,0.8796981693076111,0.5572168474543144,0.5572168474543144,1.0,0.7156573580169439
344,0.8796983197319426,0.5572168474543144,0.5572168474543144,1.0,0.7156573580169439
345,0.8796985130450561,0.5572168474543144,0.5572168474543144,1.0,0.7156573580169439
346,0.8796977675711254,0.5572168474543144,0.5572168474543144,1.0,0.7156573580169439
347,0.8796996059489748,0.5572168474543144,0.5572168474543144,1.0,0.7156573580169439
348,0.8796970009770203,0.5572168474543144,0.5572168474543144,1.0,0.7156573580169439
349,0.8796991933557285,0.5572168474543144,0.5572168474543144,1.0,0.7156573580169439
350,0.8796966268726354,0.5572168474543144,0.5572168474543144,1.0,0.7156573580169439
351,0.8796975353959311,0.5572168474543144,0.5572168474543144,1.0,0.7156573580169439
352,0.8796981192011984,0.5572168474543144,0.5572168474543144,1.0,0.7156573580169439
353,0.8796986212970729,0.5572168474543144,0.5572168474543144,1.0,0.7156573580169439
354,0.8796977515876249,0.5572168474543144,0.5572168474543144,1.0,0.7156573580169439
355,0.8796990453830522,0.5572168474543144,0.5572168474543144,1.0,0.7156573580169439
356,0.8796980846638253,0.5572168474543144,0.5572168474543144,1.0,0.7156573580169439
357,0.8796983629903322,0.5572168474543144,0.5572168474543144,1.0,0.7156573580169439
358,0.8796964560475521,0.5572168474543144,0.5572168474543144,1.0,0.7156573580169439
359,0.8796988337757421,0.5572168474543144,0.5572168474543144,1.0,0.7156573580169439
360,0.8796982794102569,0.5572168474543144,0.5572168474543144,1.0,0.7156573580169439
361,0.8796979408062297,0.5572168474543144,0.5572168474543144,1.0,0.7156573580169439
362,0.8796974597395995,0.5572168474543144,0.5572168474543144,1.0,0.7156573580169439
363,0.8796991152869469,0.5572168474543144,0.5572168474543144,1.0,0.7156573580169439
364,0.879697903066039,0.5572168474543144,0.5572168474543144,1.0,0.7156573580169439
365,0.8796996191809974,0.5572168474543144,0.5572168474543144,1.0,0.7156573580169439
366,0.8796984044426208,0.5572168474543144,0.5572168474543144,1.0,0.7156573580169439
367,0.8796982762701366,0.5572168474543144,0.5572168474543144,1.0,0.7156573580169439
368,0.8796974769855763,0.5572168474543144,0.5572168474543144,1.0,0.7156573580169439
369,0.8796971597781502,0.5572168474543144,0.5572168474543144,1.0,0.7156573580169439
370,0.8796996131372596,0.5572168474543144,0.5572168474543144,1.0,0.7156573580169439
371,0.8796979670406512,0.5572168474543144,0.5572168474543144,1.0,0.7156573580169439
372,0.8796974581527441,0.5572168474543144,0.5572168474543144,1.0,0.7156573580169439
373,0.8796977868465022,0.5572168474543144,0.5572168474543144,1.0,0.7156573580169439
374,0.8796973694132313,0.5572168474543144,0.5572168474543144,1.0,0.7156573580169439
375,0.8796988621886137,0.5572168474543144,0.5572168474543144,1.0,0.7156573580169439
376,0.8796985615313514,0.5572168474543144,0.5572168474543144,1.0,0.7156573580169439
377,0.8796987797965397,0.5572168474543144,0.5572168474543144,1.0,0.7156573580169439
378,0.8796967484133879,0.5572168474543144,0.5572168474543144,1.0,0.7156573580169439
379,0.8796997318323234,0.5572168474543144,0.5572168474543144,1.0,0.7156573580169439
380,0.8796983965407573,0.5572168474543144,0.5572168474543144,1.0,0.7156573580169439
381,0.8796987065212835,0.5572168474543144,0.5572168474543144,1.0,0.7156573580169439
382,0.8796990211122225,0.5572168474543144,0.5572168474543144,1.0,0.7156573580169439
383,0.8796976931904319,0.5572168474543144,0.5572168474543144,1.0,0.7156573580169439
384,0.8796988426617762,0.5572168474543144,0.5572168474543144,1.0,0.7156573580169439
385,0.8796990890918369,0.5572168474543144,0.5572168474543144,1.0,0.7156573580169439
386,0.8796972682740309,0.5572168474543144,0.5572168474543144,1.0,0.7156573580169439
387,0.8796989609717244,0.5572168474543144,0.5572168474543144,1.0,0.7156573580169439
388,0.8796978283234821,0.5572168474543144,0.5572168474543144,1.0,0.7156573580169439
389,0.8796999501227977,0.5572168474543144,0.5572168474543144,1.0,0.7156573580169439
390,0.8796961839512762,0.5572168474543144,0.5572168474543144,1.0,0.7156573580169439
391,0.879697473381388,0.5572168474543144,0.5572168474543144,1.0,0.7156573580169439
392,0.879698294102541,0.5572168474543144,0.5572168474543144,1.0,0.7156573580169439
393,0.8796997906216439,0.5572168474543144,0.5572168474543144,1.0,0.7156573580169439
394,0.8796984112445786,0.5572168474543144,0.5572168474543144,1.0,0.7156573580169439
395,0.879698026068873,0.5572168474543144,0.5572168474543144,1.0,0.7156573580169439
396,0.8796991672134411,0.5572168474543144,0.5572168474543144,1.0,0.7156573580169439
397,0.8796974337771863,0.5572168474543144,0.5572168474543144,1.0,0.7156573580169439
398,0.8796985067746059,0.5572168474543144,0.5572168474543144,1.0,0.7156573580169439
399,0.8796989184262665,0.5572168474543144,0.5572168474543144,1.0,0.7156573580169439
400,0.8796973865836313,0.5572168474543144,0.5572168474543144,1.0,0.7156573580169439
401,0.8796981261299582,0.5572168474543144,0.5572168474543144,1.0,0.7156573580169439
402,0.8796973927005602,0.5572168474543144,0.5572168474543144,1.0,0.7156573580169439
403,0.8796991890750842,0.5572168474543144,0.5572168474543144,1.0,0.7156573580169439
404,0.8796990897572896,0.5572168474543144,0.5572168474543144,1.0,0.7156573580169439
405,0.8796969809547783,0.5572168474543144,0.5572168474543144,1.0,0.7156573580169439
406,0.8796974515610159,0.5572168474543144,0.5572168474543144,1.0,0.7156573580169439
407,0.879698665440296,0.5572168474543144,0.5572168474543144,1.0,0.7156573580169439
408,0.8796978679974,0.5572168474543144,0.5572168474543144,1.0,0.7156573580169439
409,0.8796996738118381,0.5572168474543144,0.5572168474543144,1.0,0.7156573580169439
410,0.8796985352825096,0.5572168474543144,0.5572168474543144,1.0,0.7156573580169439
411,0.8796977824033759,0.5572168474543144,0.5572168474543144,1.0,0.7156573580169439
412,0.8796971895424637,0.5572168474543144,0.5572168474543144,1.0,0.7156573580169439
413,0.879698257650606,0.5572168474543144,0.5572168474543144,1.0,0.7156573580169439
414,0.8796981474923072,0.5572168474543144,0.5572168474543144,1.0,0.7156573580169439
415,0.8796979766390489,0.5572168474543144,0.5572168474543144,1.0,0.7156573580169439
416,0.8796967702065484,0.5572168474543144,0.5572168474543144,1.0,0.7156573580169439
417,0.8796979355700102,0.5572168474543144,0.5572168474543144,1.0,0.7156573580169439
418,0.8796974480562715,0.5572168474543144,0.5572168474543144,1.0,0.7156573580169439
419,0.8796996347323285,0.5572168474543144,0.5572168474543144,1.0,0.7156573580169439
420,0.8796961608784238,0.5572168474543144,0.5572168474543144,1.0,0.7156573580169439
421,0.8796978503832148,0.5572168474543144,0.5572168474543144,1.0,0.7156573580169439
422,0.8796987565466357,0.5572168474543144,0.5572168474543144,1.0,0.7156573580169439
423,0.8796977094737971,0.5572168474543144,0.5572168474543144,1.0,0.7156573580169439
424,0.8796983500281933,0.5572168474543144,0.5572168474543144,1.0,0.7156573580169439
425,0.8796984228440736,0.5572168474543144,0.5572168474543144,1.0,0.7156573580169439
426,0.8796975829768986,0.5572168474543144,0.5572168474543144,1.0,0.7156573580169439
427,0.8796988168294417,0.5572168474543144,0.5572168474543144,1.0,0.7156573580169439
428,0.8796970606966751,0.5572168474543144,0.5572168474543144,1.0,0.7156573580169439
429,0.8796964436409669,0.5572168474543144,0.5572168474543144,1.0,0.7156573580169439
430,0.8796993046143666,0.5572168474543144,0.5572168474543144,1.0,0.7156573580169439
431,0.8796976475005073,0.5572168474543144,0.5572168474543144,1.0,0.7156573580169439
432,0.8796963047542048,0.5572168474543144,0.5572168474543144,1.0,0.7156573580169439
433,0.8796998036913836,0.5572168474543144,0.5572168474543144,1.0,0.7156573580169439
434,0.879698955384744,0.5572168474543144,0.5572168474543144,1.0,0.7156573580169439
435,0.8796966933389124,0.5572168474543144,0.5572168474543144,1.0,0.7156573580169439
436,0.8796982869936367,0.5572168474543144,0.5572168474543144,1.0,0.7156573580169439
437,0.8796992474307268,0.5572168474543144,0.5572168474543144,1.0,0.7156573580169439
438,0.8796968084756311,0.5572168474543144,0.5572168474543144,1.0,0.7156573580169439
439,0.8796995076303422,0.5572168474543144,0.5572168474543144,1.0,0.7156573580169439
440,0.879698166382764,0.5572168474543144,0.5572168474543144,1.0,0.7156573580169439
441,0.8796978193992753,0.5572168474543144,0.5572168474543144,1.0,0.7156573580169439
442,0.8796966631914691,0.5572168474543144,0.5572168474543144,1.0,0.7156573580169439
443,0.8796991476746454,0.5572168474543144,0.5572168474543144,1.0,0.7156573580169439
444,0.8796984876917897,0.5572168474543144,0.5572168474543144,1.0,0.7156573580169439
445,0.8796990324064374,0.5572168474543144,0.5572168474543144,1.0,0.7156573580169439
446,0.87969786495583,0.5572168474543144,0.5572168474543144,1.0,0.7156573580169439
447,0.8796953398293367,0.5572168474543144,0.5572168474543144,1.0,0.7156573580169439
448,0.8796981739288035,0.5572168474543144,0.5572168474543144,1.0,0.7156573580169439
449,0.8796997040920351,0.5572168474543144,0.5572168474543144,1.0,0.7156573580169439
450,0.8796971728026521,0.5572168474543144,0.5572168474543144,1.0,0.7156573580169439
451,0.8796977319173758,0.5572168474543144,0.5572168474543144,1.0,0.7156573580169439
452,0.8796976070635365,0.5572168474543144,0.5572168474543144,1.0,0.7156573580169439
453,0.8796975018515683,0.5572168474543144,0.5572168474543144,1.0,0.7156573580169439
454,0.8796981345018142,0.5572168474543144,0.5572168474543144,1.0,0.7156573580169439
455,0.8796985434625821,0.5572168474543144,0.5572168474543144,1.0,0.7156573580169439
456,0.8796972078124652,0.5572168474543144,0.5572168474543144,1.0,0.7156573580169439
457,0.8796990716224521,0.5572168474543144,0.5572168474543144,1.0,0.7156573580169439
458,0.879697148671275,0.5572168474543144,0.5572168474543144,1.0,0.7156573580169439
459,0.8796988614303933,0.5572168474543144,0.5572168474543144,1.0,0.7156573580169439
460,0.8796967886642244,0.5572168474543144,0.5572168474543144,1.0,0.7156573580169439
461,0.8796988590113392,0.5572168474543144,0.5572168474543144,1.0,0.7156573580169439
462,0.8796987128978686,0.5572168474543144,0.5572168474543144,1.0,0.7156573580169439
463,0.8796973890943134,0.5572168474543144,0.5572168474543144,1.0,0.7156573580169439
464,0.8796987455071712,0.5572168474543144,0.5572168474543144,1.0,0.7156573580169439
465,0.8796977669250045,0.5572168474543144,0.5572168474543144,1.0,0.7156573580169439
466,0.879698910086321,0.5572168474543144,0.5572168474543144,1.0,0.7156573580169439
467,0.8796988555986124,0.5572168474543144,0.5572168474543144,1.0,0.7156573580169439
468,0.8796981346701227,0.5572168474543144,0.5572168474543144,1.0,0.7156573580169439
469,0.8796996964660121,0.5572168474543144,0.5572168474543144,1.0,0.7156573580169439
470,0.8796983169432897,0.5572168474543144,0.5572168474543144,1.0,0.7156573580169439
471,0.8796982012059346,0.5572168474543144,0.5572168474543144,1.0,0.7156573580169439
472,0.8796988591968095,0.5572168474543144,0.5572168474543144,1.0,0.7156573580169439
473,0.8796968105584878,0.5572168474543144,0.5572168474543144,1.0,0.7156573580169439
474,0.8796985055594564,0.5572168474543144,0.5572168474543144,1.0,0.7156573580169439
475,0.8796977725388515,0.5572168474543144,0.5572168474543144,1.0,0.7156573580169439
476,0.8796979084913868,0.5572168474543144,0.5572168474543144,1.0,0.7156573580169439
477,0.8796989121001676,0.5572168474543144,0.5572168474543144,1.0,0.7156573580169439
478,0.8796978961020377,0.5572168474543144,0.5572168474543144,1.0,0.7156573580169439
479,0.8796985981211761,0.5572168474543144,0.5572168474543144,1.0,0.7156573580169439
480,0.879698651480841,0.5572168474543144,0.5572168474543144,1.0,0.7156573580169439
481,0.8796978358399791,0.5572168474543144,0.5572168474543144,1.0,0.7156573580169439
482,0.8796989796385875,0.5572168474543144,0.5572168474543144,1.0,0.7156573580169439
483,0.8796981903010817,0.5572168474543144,0.5572168474543144,1.0,0.7156573580169439
484,0.8796974346663424,0.5572168474543144,0.5572168474543144,1.0,0.7156573580169439
485,0.8796984669415859,0.5572168474543144,0.5572168474543144,1.0,0.7156573580169439
486,0.8796966348714519,0.5572168474543144,0.5572168474543144,1.0,0.7156573580169439
487,0.8796983154370052,0.5572168474543144,0.5572168474543144,1.0,0.7156573580169439
488,0.8796983372634176,0.5572168474543144,0.5572168474543144,1.0,0.7156573580169439
489,0.8796972545889286,0.5572168474543144,0.5572168474543144,1.0,0.7156573580169439
490,0.8796978831020043,0.5572168474543144,0.5572168474543144,1.0,0.7156573580169439
491,0.8796983229683909,0.5572168474543144,0.5572168474543144,1.0,0.7156573580169439
492,0.8796980967920546,0.5572168474543144,0.5572168474543144,1.0,0.7156573580169439
493,0.8796992194963595,0.5572168474543144,0.5572168474543144,1.0,0.7156573580169439
494,0.8796993184512902,0.5572168474543144,0.5572168474543144,1.0,0.7156573580169439
495,0.8796972583501842,0.5572168474543144,0.5572168474543144,1.0,0.7156573580169439
496,0.8796979394818996,0.5572168474543144,0.5572168474543144,1.0,0.7156573580169439
497,0.8796973900857273,0.5572168474543144,0.5572168474543144,1.0,0.7156573580169439
498,0.8796983903225897,0.5572168474543144,0.5572168474543144,1.0,0.7156573580169439
499,0.879697118029393,0.5572168474543144,0.5572168474543144,1.0,0.7156573580169439
500,0.8796982830096248,0.5572168474543144,0.5572168474543144,1.0,0.7156573580169439
501,0.8796986237124612,0.5572168474543144,0.5572168474543144,1.0,0.7156573580169439
502,0.8796963299707904,0.5572168474543144,0.5572168474543144,1.0,0.7156573580169439
503,0.8796989165366725,0.5572168474543144,0.5572168474543144,1.0,0.7156573580169439
504,0.8796955763481389,0.5572168474543144,0.5572168474543144,1.0,0.7156573580169439
505,0.8796975302780772,0.5572168474543144,0.5572168474543144,1.0,0.7156573580169439
506,0.8796972170410828,0.5572168474543144,0.5572168474543144,1.0,0.7156573580169439
507,0.8796975088345034,0.5572168474543144,0.5572168474543144,1.0,0.7156573580169439
508,0.8796980708946722,0.5572168474543144,0.5572168474543144,1.0,0.7156573580169439
509,0.8796987577286086,0.5572168474543144,0.5572168474543144,1.0,0.7156573580169439
510,0.8796991308460972,0.5572168474543144,0.5572168474543144,1.0,0.7156573580169439
511,0.8796969487532779,0.5572168474543144,0.5572168474543144,1.0,0.7156573580169439
512,0.8796975652871223,0.5572168474543144,0.5572168474543144,1.0,0.7156573580169439
513,0.8796972845026915,0.5572168474543144,0.5572168474543144,1.0,0.7156573580169439
514,0.8796972496032678,0.5572168474543144,0.5572168474543144,1.0,0.7156573580169439
515,0.8796980993233864,0.5572168474543144,0.5572168474543144,1.0,0.7156573580169439
516,0.8796990035322733,0.5572168474543144,0.5572168474543144,1.0,0.7156573580169439
517,0.8796980945245143,0.5572168474543144,0.5572168474543144,1.0,0.7156573580169439
518,0.8796984649555527,0.5572168474543144,0.5572168474543144,1.0,0.7156573580169439
519,0.8796968906483809,0.5572168474543144,0.5572168474543144,1.0,0.7156573580169439
520,0.8796973046445311,0.5572168474543144,0.5572168474543144,1.0,0.7156573580169439
521,0.8796984601384203,0.5572168474543144,0.5572168474543144,1.0,0.7156573580169439
522,0.8796977664578799,0.5572168474543144,0.5572168474543144,1.0,0.7156573580169439
523,0.8796984232823929,0.5572168474543144,0.5572168474543144,1.0,0.7156573580169439
524,0.8796980624424914,0.5572168474543144,0.5572168474543144,1.0,0.7156573580169439
525,0.879697754235868,0.5572168474543144,0.5572168474543144,1.0,0.7156573580169439
526,0.8796980127883314,0.5572168474543144,0.5572168474543144,1.0,0.7156573580169439
527,0.8796981457989194,0.5572168474543144,0.5572168474543144,1.0,0.7156573580169439
528,0.8796970322341657,0.5572168474543144,0.5572168474543144,1.0,0.7156573580169439
529,0.8796979287387843,0.5572168474543144,0.5572168474543144,1.0,0.7156573580169439
530,0.879697875932603,0.5572168474543144,0.5572168474543144,1.0,0.7156573580169439
531,0.8796986968873177,0.5572168474543144,0.5572168474543144,1.0,0.7156573580169439
532,0.8796978530823948,0.5572168474543144,0.5572168474543144,1.0,0.7156573580169439
533,0.8796978284973002,0.5572168474543144,0.5572168474543144,1.0,0.7156573580169439
534,0.8796979334006994,0.5572168474543144,0.5572168474543144,1.0,0.7156573580169439
535,0.8796997337895947,0.5572168474543144,0.5572168474543144,1.0,0.7156573580169439
536,0.8796976190532843,0.5572168474543144,0.5572168474543144,1.0,0.7156573580169439
537,0.8796975352292538,0.5572168474543144,0.5572168474543144,1.0,0.7156573580169439
538,0.8796978248927746,0.5572168474543144,0.5572168474543144,1.0,0.7156573580169439
539,0.8796975170841886,0.5572168474543144,0.5572168474543144,1.0,0.7156573580169439
540,0.8796987883787948,0.5572168474543144,0.5572168474543144,1.0,0.7156573580169439
541,0.8796977145517442,0.5572168474543144,0.5572168474543144,1.0,0.7156573580169439
542,0.8796988193893309,0.5572168474543144,0.5572168474543144,1.0,0.7156573580169439
543,0.8796985258234732,0.5572168474543144,0.5572168474543144,1.0,0.7156573580169439
544,0.8796969741024678,0.5572168474543144,0.5572168474543144,1.0,0.7156573580169439
545,0.8796990517702051,0.5572168474543144,0.5572168474543144,1.0,0.7156573580169439
546,0.8796979629160997,0.5572168474543144,0.5572168474543144,1.0,0.7156573580169439
547,0.8796988845129514,0.5572168474543144,0.5572168474543144,1.0,0.7156573580169439
548,0.8796981146957995,0.5572168474543144,0.5572168474543144,1.0,0.7156573580169439
549,0.8796972302612966,0.5572168474543144,0.5572168474543144,1.0,0.7156573580169439
550,0.8796990837331666,0.5572168474543144,0.5572168474543144,1.0,0.7156573580169439
551,0.8796975856851512,0.5572168474543144,0.5572168474543144,1.0,0.7156573580169439
552,0.8796973489054428,0.5572168474543144,0.5572168474543144,1.0,0.7156573580169439
553,0.8796987679426822,0.5572168474543144,0.5572168474543144,1.0,0.7156573580169439
554,0.8796983663810839,0.5572168474543144,0.5572168474543144,1.0,0.7156573580169439
555,0.8796972716385358,0.5572168474543144,0.5572168474543144,1.0,0.7156573580169439
556,0.8796993145160688,0.5572168474543144,0.5572168474543144,1.0,0.7156573580169439
557,0.8796973031241633,0.5572168474543144,0.5572168474543144,1.0,0.7156573580169439
558,0.8796986242414712,0.5572168474543144,0.5572168474543144,1.0,0.7156573580169439
559,0.8796982480614496,0.5572168474543144,0.5572168474543144,1.0,0.7156573580169439
560,0.8796979743073707,0.5572168474543144,0.5572168474543144,1.0,0.7156573580169439
561,0.8796982542143551,0.5572168474543144,0.5572168474543144,1.0,0.7156573580169439
562,0.8796982544251255,0.5572168474543144,0.5572168474543144,1.0,0.7156573580169439
563,0.8796981817062509,0.5572168474543144,0.5572168474543144,1.0,0.7156573580169439
564,0.8796980541682219,0.5572168474543144,0.5572168474543144,1.0,0.7156573580169439
565,0.8796987871138291,0.5572168474543144,0.5572168474543144,1.0,0.7156573580169439
566,0.879697808485737,0.5572168474543144,0.5572168474543144,1.0,0.7156573580169439
567,0.879697164206439,0.5572168474543144,0.5572168474543144,1.0,0.7156573580169439
568,0.8796973800264886,0.5572168474543144,0.5572168474543144,1.0,0.7156573580169439
569,0.879698778585051,0.5572168474543144,0.5572168474543144,1.0,0.7156573580169439
570,0.8796990985276705,0.5572168474543144,0.5572168474543144,1.0,0.7156573580169439
571,0.8796975013288025,0.5572168474543144,0.5572168474543144,1.0,0.7156573580169439
572,0.8796994892974684,0.5572168474543144,0.5572168474543144,1.0,0.7156573580169439
573,0.8796972817038908,0.5572168474543144,0.5572168474543144,1.0,0.7156573580169439
574,0.879698031969409,0.5572168474543144,0.5572168474543144,1.0,0.7156573580169439
575,0.8796980299687749,0.5572168474543144,0.5572168474543144,1.0,0.7156573580169439
576,0.8796984364389291,0.5572168474543144,0.5572168474543144,1.0,0.7156573580169439
577,0.8796989651041526,0.5572168474543144,0.5572168474543144,1.0,0.7156573580169439
578,0.8796990307040742,0.5572168474543144,0.5572168474543144,1.0,0.7156573580169439
579,0.8796978105460269,0.5572168474543144,0.5572168474543144,1.0,0.7156573580169439
580,0.8796991448499715,0.5572168474543144,0.5572168474543144,1.0,0.7156573580169439
581,0.8796977321297536,0.5572168474543144,0.5572168474543144,1.0,0.7156573580169439
582,0.8796992906046767,0.5572168474543144,0.5572168474543144,1.0,0.7156573580169439
583,0.8796997972848658,0.5572168474543144,0.5572168474543144,1.0,0.7156573580169439
584,0.8796967047746364,0.5572168474543144,0.5572168474543144,1.0,0.7156573580169439
585,0.8796978783863083,0.5572168474543144,0.5572168474543144,1.0,0.7156573580169439
586,0.8796973483491181,0.5572168474543144,0.5572168474543144,1.0,0.7156573580169439
587,0.879698953374024,0.5572168474543144,0.5572168474543144,1.0,0.7156573580169439
588,0.8796967685626081,0.5572168474543144,0.5572168474543144,1.0,0.7156573580169439
589,0.8796984591602792,0.5572168474543144,0.5572168474543144,1.0,0.7156573580169439
590,0.8796981377527773,0.5572168474543144,0.5572168474543144,1.0,0.7156573580169439
591,0.8796979597977223,0.5572168474543144,0.5572168474543144,1.0,0.7156573580169439
592,0.8796975228531697,0.5572168474543144,0.5572168474543144,1.0,0.7156573580169439
593,0.8796981893002552,0.5572168474543144,0.5572168474543144,1.0,0.7156573580169439
594,0.8796958843051633,0.5572168474543144,0.5572168474543144,1.0,0.7156573580169439
595,0.8796989464651127,0.5572168474543144,0.5572168474543144,1.0,0.7156573580169439
596,0.8796987797774276,0.5572168474543144,0.5572168474543144,1.0,0.7156573580169439
597,0.8796966633656973,0.5572168474543144,0.5572168474543144,1.0,0.7156573580169439
598,0.8796977703380544,0.5572168474543144,0.5572168474543144,1.0,0.7156573580169439
599,0.8796970530791227,0.5572168474543144,0.5572168474543144,1.0,0.7156573580169439
600,0.8796997268390858,0.5572168474543144,0.5572168474543144,1.0,0.7156573580169439
601,0.8796979922583577,0.5572168474543144,0.5572168474543144,1.0,0.7156573580169439
602,0.8796991077673655,0.5572168474543144,0.5572168474543144,1.0,0.7156573580169439
603,0.8796986147457504,0.5572168474543144,0.5572168474543144,1.0,0.7156573580169439
604,0.8796988892899895,0.5572168474543144,0.5572168474543144,1.0,0.7156573580169439
605,0.8796987796311097,0.5572168474543144,0.5572168474543144,1.0,0.7156573580169439
606,0.8796970654806315,0.5572168474543144,0.5572168474543144,1.0,0.7156573580169439
607,0.8796983934950856,0.5572168474543144,0.5572168474543144,1.0,0.7156573580169439
608,0.8796978451594625,0.5572168474543144,0.5572168474543144,1.0,0.7156573580169439
609,0.87969860510741,0.5572168474543144,0.5572168474543144,1.0,0.7156573580169439
610,0.879698872897819,0.5572168474543144,0.5572168474543144,1.0,0.7156573580169439
611,0.879696888265151,0.5572168474543144,0.5572168474543144,1.0,0.7156573580169439
612,0.8796973554166997,0.5572168474543144,0.5572168474543144,1.0,0.7156573580169439
613,0.8796994456495532,0.5572168474543144,0.5572168474543144,1.0,0.7156573580169439
614,0.8796989866752211,0.5572168474543144,0.5572168474543144,1.0,0.7156573580169439
615,0.8796972344987447,0.5572168474543144,0.5572168474543144,1.0,0.7156573580169439
616,0.8797001221472913,0.5572168474543144,0.5572168474543144,1.0,0.7156573580169439
617,0.8796970074626641,0.5572168474543144,0.5572168474543144,1.0,0.7156573580169439
618,0.8797000868026233,0.5572168474543144,0.5572168474543144,1.0,0.7156573580169439
619,0.8796979170665281,0.5572168474543144,0.5572168474543144,1.0,0.7156573580169439
620,0.879695940020857,0.5572168474543144,0.5572168474543144,1.0,0.7156573580169439
621,0.8796993252786468,0.5572168474543144,0.5572168474543144,1.0,0.7156573580169439
622,0.8796984173200286,0.5572168474543144,0.5572168474543144,1.0,0.7156573580169439
623,0.8796975106468086,0.5572168474543144,0.5572168474543144,1.0,0.7156573580169439
624,0.8796979420228789,0.5572168474543144,0.5572168474543144,1.0,0.7156573580169439
625,0.8796981850955374,0.5572168474543144,0.5572168474543144,1.0,0.7156573580169439
626,0.8796993202779755,0.5572168474543144,0.5572168474543144,1.0,0.7156573580169439
627,0.8796979360671742,0.5572168474543144,0.5572168474543144,1.0,0.7156573580169439
628,0.8796991351082685,0.5572168474543144,0.5572168474543144,1.0,0.7156573580169439
629,0.8796981872074007,0.5572168474543144,0.5572168474543144,1.0,0.7156573580169439
630,0.87969840762497,0.5572168474543144,0.5572168474543144,1.0,0.7156573580169439
631,0.8796974099523328,0.5572168474543144,0.5572168474543144,1.0,0.7156573580169439
632,0.8796980139814797,0.5572168474543144,0.5572168474543144,1.0,0.7156573580169439
633,0.8796983040405868,0.5572168474543144,0.5572168474543144,1.0,0.7156573580169439
634,0.8796980231463779,0.5572168474543144,0.5572168474543144,1.0,0.7156573580169439
635,0.8797000271612778,0.5572168474543144,0.5572168474543144,1.0,0.7156573580169439
636,0.8796967613691067,0.5572168474543144,0.5572168474543144,1.0,0.7156573580169439
637,0.8796977164489047,0.5572168474543144,0.5572168474543144,1.0,0.7156573580169439
638,0.8796976369812695,0.5572168474543144,0.5572168474543144,1.0,0.7156573580169439
639,0.8796982471678546,0.5572168474543144,0.5572168474543144,1.0,0.7156573580169439
640,0.8796979286923945,0.5572168474543144,0.5572168474543144,1.0,0.7156573580169439
641,0.8796991607877231,0.5572168474543144,0.5572168474543144,1.0,0.7156573580169439
642,0.8796978017264087,0.5572168474543144,0.5572168474543144,1.0,0.7156573580169439
643,0.8796972796640389,0.5572168474543144,0.5572168474543144,1.0,0.7156573580169439
644,0.8796986249329886,0.5572168474543144,0.5572168474543144,1.0,0.7156573580169439
645,0.8796977989792059,0.5572168474543144,0.5572168474543144,1.0,0.7156573580169439
646,0.8796973967771774,0.5572168474543144,0.5572168474543144,1.0,0.7156573580169439
647,0.8796988759491976,0.5572168474543144,0.5572168474543144,1.0,0.7156573580169439
648,0.879695940515485,0.5572168474543144,0.5572168474543144,1.0,0.7156573580169439
649,0.8796991780341292,0.5572168474543144,0.5572168474543144,1.0,0.7156573580169439
650,0.8796987136104141,0.5572168474543144,0.5572168474543144,1.0,0.7156573580169439
651,0.8796979867969268,0.5572168474543144,0.5572168474543144,1.0,0.7156573580169439
652,0.8796980178169321,0.5572168474543144,0.5572168474543144,1.0,0.7156573580169439
653,0.8796960045907062,0.5572168474543144,0.5572168474543144,1.0,0.7156573580169439
654,0.8796994910734028,0.5572168474543144,0.5572168474543144,1.0,0.7156573580169439
655,0.8796985037962395,0.5572168474543144,0.5572168474543144,1.0,0.7156573580169439
656,0.8796990144138536,0.5572168474543144,0.5572168474543144,1.0,0.7156573580169439
657,0.8796967176371159,0.5572168474543144,0.5572168474543144,1.0,0.7156573580169439
658,0.8797003380112016,0.5572168474543144,0.5572168474543144,1.0,0.7156573580169439
659,0.8796981597389307,0.5572168474543144,0.5572168474543144,1.0,0.7156573580169439
660,0.8796983469013491,0.5572168474543144,0.5572168474543144,1.0,0.7156573580169439
661,0.8796964693398205,0.5572168474543144,0.5572168474543144,1.0,0.7156573580169439
662,0.8796994673037893,0.5572168474543144,0.5572168474543144,1.0,0.7156573580169439
663,0.8796986582536706,0.5572168474543144,0.5572168474543144,1.0,0.7156573580169439
664,0.8796973382640859,0.5572168474543144,0.5572168474543144,1.0,0.7156573580169439
665,0.8796975195334644,0.5572168474543144,0.5572168474543144,1.0,0.7156573580169439
666,0.8796981264489165,0.5572168474543144,0.5572168474543144,1.0,0.7156573580169439
667,0.8796993892376663,0.5572168474543144,0.5572168474543144,1.0,0.7156573580169439
668,0.8796973667101877,0.5572168474543144,0.5572168474543144,1.0,0.7156573580169439
669,0.8796959446044308,0.5572168474543144,0.5572168474543144,1.0,0.7156573580169439
670,0.8796994141725158,0.5572168474543144,0.5572168474543144,1.0,0.7156573580169439
671,0.8796979394025306,0.5572168474543144,0.5572168474543144,1.0,0.7156573580169439
672,0.8796979714851676,0.5572168474543144,0.5572168474543144,1.0,0.7156573580169439
673,0.8796981664274774,0.5572168474543144,0.5572168474543144,1.0,0.7156573580169439
674,0.879699459248684,0.5572168474543144,0.5572168474543144,1.0,0.7156573580169439
675,0.879698327258037,0.5572168474543144,0.5572168474543144,1.0,0.7156573580169439
676,0.8796974848732361,0.5572168474543144,0.5572168474543144,1.0,0.7156573580169439
677,0.8796978767782847,0.5572168474543144,0.5572168474543144,1.0,0.7156573580169439
678,0.8796985870058267,0.5572168474543144,0.5572168474543144,1.0,0.7156573580169439
679,0.8796970960102917,0.5572168474543144,0.5572168474543144,1.0,0.7156573580169439
680,0.8796997896764327,0.5572168474543144,0.5572168474543144,1.0,0.7156573580169439
681,0.8796978494717479,0.5572168474543144,0.5572168474543144,1.0,0.7156573580169439
682,0.8796978438836578,0.5572168474543144,0.5572168474543144,1.0,0.7156573580169439
683,0.879698128285149,0.5572168474543144,0.5572168474543144,1.0,0.7156573580169439
684,0.8796981214567611,0.5572168474543144,0.5572168474543144,1.0,0.7156573580169439
685,0.8796974397725529,0.5572168474543144,0.5572168474543144,1.0,0.7156573580169439
686,0.8796988442134343,0.5572168474543144,0.5572168474543144,1.0,0.7156573580169439
687,0.8796983777654819,0.5572168474543144,0.5572168474543144,1.0,0.7156573580169439
688,0.8796990463417038,0.5572168474543144,0.5572168474543144,1.0,0.7156573580169439
689,0.8796963917418693,0.5572168474543144,0.5572168474543144,1.0,0.7156573580169439
690,0.8796999575918807,0.5572168474543144,0.5572168474543144,1.0,0.7156573580169439
691,0.8796972535090151,0.5572168474543144,0.5572168474543144,1.0,0.7156573580169439
692,0.8796972818945475,0.5572168474543144,0.5572168474543144,1.0,0.7156573580169439
693,0.879698444642684,0.5572168474543144,0.5572168474543144,1.0,0.7156573580169439
694,0.8796981795814734,0.5572168474543144,0.5572168474543144,1.0,0.7156573580169439
695,0.8796985029763106,0.5572168474543144,0.5572168474543144,1.0,0.7156573580169439
696,0.879697888224898,0.5572168474543144,0.5572168474543144,1.0,0.7156573580169439
697,0.8796974576252938,0.5572168474543144,0.5572168474543144,1.0,0.7156573580169439
698,0.8796986021609663,0.5572168474543144,0.5572168474543144,1.0,0.7156573580169439
699,0.8796988231950303,0.5572168474543144,0.5572168474543144,1.0,0.7156573580169439
700,0.8796978500774336,0.5572168474543144,0.5572168474543144,1.0,0.7156573580169439
701,0.8796971568198123,0.5572168474543144,0.5572168474543144,1.0,0.7156573580169439
702,0.8796985318808458,0.5572168474543144,0.5572168474543144,1.0,0.7156573580169439
703,0.8796986250960863,0.5572168474543144,0.5572168474543144,1.0,0.7156573580169439
704,0.8796980361308612,0.5572168474543144,0.5572168474543144,1.0,0.7156573580169439
705,0.8796990116103027,0.5572168474543144,0.5572168474543144,1.0,0.7156573580169439
706,0.8796985764151974,0.5572168474543144,0.5572168474543144,1.0,0.7156573580169439
707,0.8796979673102753,0.5572168474543144,0.5572168474543144,1.0,0.7156573580169439
708,0.8796977858191146,0.5572168474543144,0.5572168474543144,1.0,0.7156573580169439
709,0.8796977186097346,0.5572168474543144,0.5572168474543144,1.0,0.7156573580169439
710,0.8796989158647627,0.5572168474543144,0.5572168474543144,1.0,0.7156573580169439
711,0.8796986779477116,0.5572168474543144,0.5572168474543144,1.0,0.7156573580169439
712,0.8796978187742878,0.5572168474543144,0.5572168474543144,1.0,0.7156573580169439
713,0.8796998715807309,0.5572168474543144,0.5572168474543144,1.0,0.7156573580169439
714,0.8796953096728615,0.5572168474543144,0.5572168474543144,1.0,0.7156573580169439
715,0.8796989993631401,0.5572168474543144,0.5572168474543144,1.0,0.7156573580169439
716,0.8796980508875211,0.5572168474543144,0.5572168474543144,1.0,0.7156573580169439
717,0.8796983417277638,0.5572168474543144,0.5572168474543144,1.0,0.7156573580169439
718,0.879698027495346,0.5572168474543144,0.5572168474543144,1.0,0.7156573580169439
719,0.8796981647979639,0.5572168474543144,0.5572168474543144,1.0,0.7156573580169439
720,0.8796965407801927,0.5572168474543144,0.5572168474543144,1.0,0.7156573580169439
721,0.8796994362481418,0.5572168474543144,0.5572168474543144,1.0,0.7156573580169439
722,0.8796974133515961,0.5572168474543144,0.5572168474543144,1.0,0.7156573580169439
723,0.8796985266722608,0.5572168474543144,0.5572168474543144,1.0,0.7156573580169439
724,0.8796983250473298,0.5572168474543144,0.5572168474543144,1.0,0.7156573580169439
725,0.8796967765249468,0.5572168474543144,0.5572168474543144,1.0,0.7156573580169439
726,0.8796990214717898,0.5572168474543144,0.5572168474543144,1.0,0.7156573580169439
727,0.8796985029486951,0.5572168474543144,0.5572168474543144,1.0,0.7156573580169439
728,0.8796983524705104,0.5572168474543144,0.5572168474543144,1.0,0.7156573580169439
729,0.8796977635316773,0.5572168474543144,0.5572168474543144,1.0,0.7156573580169439
730,0.8796990587048026,0.5572168474543144,0.5572168474543144,1.0,0.7156573580169439
731,0.8796984388796382,0.5572168474543144,0.5572168474543144,1.0,0.7156573580169439
732,0.8796989102763932,0.5572168474543144,0.5572168474543144,1.0,0.7156573580169439
733,0.8796967274398785,0.5572168474543144,0.5572168474543144,1.0,0.7156573580169439
734,0.8796995136158792,0.5572168474543144,0.5572168474543144,1.0,0.7156573580169439
735,0.8796988378283817,0.5572168474543144,0.5572168474543144,1.0,0.7156573580169439
736,0.8796969310604935,0.5572168474543144,0.5572168474543144,1.0,0.7156573580169439
737,0.8796983217659284,0.5572168474543144,0.5572168474543144,1.0,0.7156573580169439
738,0.8796985805446434,0.5572168474543144,0.5572168474543144,1.0,0.7156573580169439
739,0.8796968891749402,0.5572168474543144,0.5572168474543144,1.0,0.7156573580169439
740,0.8796989610773376,0.5572168474543144,0.5572168474543144,1.0,0.7156573580169439
741,0.8796985740640949,0.5572168474543144,0.5572168474543144,1.0,0.7156573580169439
742,0.8796983870449031,0.5572168474543144,0.5572168474543144,1.0,0.7156573580169439
743,0.879697224841125,0.5572168474543144,0.5572168474543144,1.0,0.7156573580169439
744,0.8797013249001594,0.5572168474543144,0.5572168474543144,1.0,0.7156573580169439
745,0.879696909599322,0.5572168474543144,0.5572168474543144,1.0,0.7156573580169439
746,0.8796979824842255,0.5572168474543144,0.5572168474543144,1.0,0.7156573580169439
747,0.8796997326650792,0.5572168474543144,0.5572168474543144,1.0,0.7156573580169439
748,0.879697892117089,0.5572168474543144,0.5572168474543144,1.0,0.7156573580169439
749,0.8796983360457076,0.5572168474543144,0.5572168474543144,1.0,0.7156573580169439
750,0.8796977651569011,0.5572168474543144,0.5572168474543144,1.0,0.7156573580169439
751,0.8796988081444399,0.5572168474543144,0.5572168474543144,1.0,0.7156573580169439
752,0.8796984945345019,0.5572168474543144,0.5572168474543144,1.0,0.7156573580169439
753,0.8796980265451032,0.5572168474543144,0.5572168474543144,1.0,0.7156573580169439
754,0.8796977770398224,0.5572168474543144,0.5572168474543144,1.0,0.7156573580169439
755,0.8796995787731382,0.5572168474543144,0.5572168474543144,1.0,0.7156573580169439
756,0.8796978761868032,0.5572168474543144,0.5572168474543144,1.0,0.7156573580169439
757,0.8796973241853939,0.5572168474543144,0.5572168474543144,1.0,0.7156573580169439
758,0.8796995979835457,0.5572168474543144,0.5572168474543144,1.0,0.7156573580169439
759,0.8796970149085914,0.5572168474543144,0.5572168474543144,1.0,0.7156573580169439
760,0.879698610031776,0.5572168474543144,0.5572168474543144,1.0,0.7156573580169439
761,0.8796980064796477,0.5572168474543144,0.5572168474543144,1.0,0.7156573580169439
762,0.8796985670077927,0.5572168474543144,0.5572168474543144,1.0,0.7156573580169439
763,0.8796975126049716,0.5572168474543144,0.5572168474543144,1.0,0.7156573580169439
764,0.8796998660116229,0.5572168474543144,0.5572168474543144,1.0,0.7156573580169439
765,0.8796975688010457,0.5572168474543144,0.5572168474543144,1.0,0.7156573580169439
766,0.8796970524811447,0.5572168474543144,0.5572168474543144,1.0,0.7156573580169439
767,0.8796972745041115,0.5572168474543144,0.5572168474543144,1.0,0.7156573580169439
768,0.8796971472162075,0.5572168474543144,0.5572168474543144,1.0,0.7156573580169439
769,0.8796979314873754,0.5572168474543144,0.5572168474543144,1.0,0.7156573580169439
770,0.8796985038805036,0.5572168474543144,0.5572168474543144,1.0,0.7156573580169439
771,0.879698232324684,0.5572168474543144,0.5572168474543144,1.0,0.7156573580169439
772,0.8796990743345554,0.5572168474543144,0.5572168474543144,1.0,0.7156573580169439
773,0.8796967466077497,0.5572168474543144,0.5572168474543144,1.0,0.7156573580169439
774,0.8796975263460509,0.5572168474543144,0.5572168474543144,1.0,0.7156573580169439
775,0.8796985809940122,0.5572168474543144,0.5572168474543144,1.0,0.7156573580169439
776,0.8796999285871696,0.5572168474543144,0.5572168474543144,1.0,0.7156573580169439
777,0.8796981239378189,0.5572168474543144,0.5572168474543144,1.0,0.7156573580169439
778,0.8796975489524337,0.5572168474543144,0.5572168474543144,1.0,0.7156573580169439
779,0.8796980401563447,0.5572168474543144,0.5572168474543144,1.0,0.7156573580169439
780,0.8796983077875656,0.5572168474543144,0.5572168474543144,1.0,0.7156573580169439
781,0.8796984346217065,0.5572168474543144,0.5572168474543144,1.0,0.7156573580169439
782,0.8796977136377107,0.5572168474543144,0.5572168474543144,1.0,0.7156573580169439
783,0.8796998262849827,0.5572168474543144,0.5572168474543144,1.0,0.7156573580169439
784,0.8796985947392921,0.5572168474543144,0.5572168474543144,1.0,0.7156573580169439
785,0.8796968750196134,0.5572168474543144,0.5572168474543144,1.0,0.7156573580169439
786,0.8796983089983266,0.5572168474543144,0.5572168474543144,1.0,0.7156573580169439
787,0.8796984768206584,0.5572168474543144,0.5572168474543144,1.0,0.7156573580169439
788,0.8796986359165464,0.5572168474543144,0.5572168474543144,1.0,0.7156573580169439
789,0.8796968436123318,0.5572168474543144,0.5572168474543144,1.0,0.7156573580169439
790,0.8796973929934189,0.5572168474543144,0.5572168474543144,1.0,0.7156573580169439
791,0.8796972880154577,0.5572168474543144,0.5572168474543144,1.0,0.7156573580169439
792,0.8796986608286861,0.5572168474543144,0.5572168474543144,1.0,0.7156573580169439
793,0.8796972244724354,0.5572168474543144,0.5572168474543144,1.0,0.7156573580169439
794,0.8796976049453189,0.5572168474543144,0.5572168474543144,1.0,0.7156573580169439
795,0.8796978614989567,0.5572168474543144,0.5572168474543144,1.0,0.7156573580169439
796,0.8796960800134966,0.5572168474543144,0.5572168474543144,1.0,0.7156573580169439
797,0.8796982541002578,0.5572168474543144,0.5572168474543144,1.0,0.7156573580169439
798,0.8796982078482182,0.5572168474543144,0.5572168474543144,1.0,0.7156573580169439
799,0.8796983708200009,0.5572168474543144,0.5572168474543144,1.0,0.7156573580169439
800,0.8796986956335597,0.5572168474543144,0.5572168474543144,1.0,0.7156573580169439
801,0.879696668333361,0.5572168474543144,0.5572168474543144,1.0,0.7156573580169439
802,0.8796982265432735,0.5572168474543144,0.5572168474543144,1.0,0.7156573580169439
803,0.8796973172941331,0.5572168474543144,0.5572168474543144,1.0,0.7156573580169439
804,0.8796978658242159,0.5572168474543144,0.5572168474543144,1.0,0.7156573580169439
805,0.8796973466730683,0.5572168474543144,0.5572168474543144,1.0,0.7156573580169439
806,0.8796981298450691,0.5572168474543144,0.5572168474543144,1.0,0.7156573580169439
807,0.8796971464583972,0.5572168474543144,0.5572168474543144,1.0,0.7156573580169439
808,0.8796993489707814,0.5572168474543144,0.5572168474543144,1.0,0.7156573580169439
809,0.8796985858007409,0.5572168474543144,0.5572168474543144,1.0,0.7156573580169439
810,0.8796990338911758,0.5572168474543144,0.5572168474543144,1.0,0.7156573580169439
811,0.8796958066386864,0.5572168474543144,0.5572168474543144,1.0,0.7156573580169439
812,0.8796994207208653,0.5572168474543144,0.5572168474543144,1.0,0.7156573580169439
813,0.8796985983810917,0.5572168474543144,0.5572168474543144,1.0,0.7156573580169439
814,0.8796978177020267,0.5572168474543144,0.5572168474543144,1.0,0.7156573580169439
815,0.879697639240708,0.5572168474543144,0.5572168474543144,1.0,0.7156573580169439
816,0.8796984693751916,0.5572168474543144,0.5572168474543144,1.0,0.7156573580169439
817,0.8796977340973524,0.5572168474543144,0.5572168474543144,1.0,0.7156573580169439
818,0.8796981435803397,0.5572168474543144,0.5572168474543144,1.0,0.7156573580169439
819,0.8796975132509798,0.5572168474543144,0.5572168474543144,1.0,0.7156573580169439
820,0.8796986456783334,0.5572168474543144,0.5572168474543144,1.0,0.7156573580169439
821,0.8796974311535777,0.5572168474543144,0.5572168474543144,1.0,0.7156573580169439
822,0.879699199447167,0.5572168474543144,0.5572168474543144,1.0,0.7156573580169439
823,0.8796998268591589,0.5572168474543144,0.5572168474543144,1.0,0.7156573580169439
824,0.8796981080183485,0.5572168474543144,0.5572168474543144,1.0,0.7156573580169439
825,0.8796971725574698,0.5572168474543144,0.5572168474543144,1.0,0.7156573580169439
826,0.8796987870636104,0.5572168474543144,0.5572168474543144,1.0,0.7156573580169439
827,0.8796979685463876,0.5572168474543144,0.5572168474543144,1.0,0.7156573580169439
828,0.8796994752670815,0.5572168474543144,0.5572168474543144,1.0,0.7156573580169439
829,0.879697738285765,0.5572168474543144,0.5572168474543144,1.0,0.7156573580169439
830,0.8796995468123663,0.5572168474543144,0.5572168474543144,1.0,0.7156573580169439
831,0.8796983994058999,0.5572168474543144,0.5572168474543144,1.0,0.7156573580169439
832,0.8796981194706284,0.5572168474543144,0.5572168474543144,1.0,0.7156573580169439
833,0.8796999662778536,0.5572168474543144,0.5572168474543144,1.0,0.7156573580169439
834,0.8796980615887933,0.5572168474543144,0.5572168474543144,1.0,0.7156573580169439
835,0.8796987154737362,0.5572168474543144,0.5572168474543144,1.0,0.7156573580169439
836,0.8796993259983962,0.5572168474543144,0.5572168474543144,1.0,0.7156573580169439
837,0.8796990277030032,0.5572168474543144,0.5572168474543144,1.0,0.7156573580169439
838,0.8796984737041741,0.5572168474543144,0.5572168474543144,1.0,0.7156573580169439
839,0.879698520559245,0.5572168474543144,0.5572168474543144,1.0,0.7156573580169439
840,0.879699109307444,0.5572168474543144,0.5572168474543144,1.0,0.7156573580169439
841,0.879697115267769,0.5572168474543144,0.5572168474543144,1.0,0.7156573580169439
842,0.8796986350197172,0.5572168474543144,0.5572168474543144,1.0,0.7156573580169439
843,0.8796972412971976,0.5572168474543144,0.5572168474543144,1.0,0.7156573580169439
844,0.8796986718462815,0.5572168474543144,0.5572168474543144,1.0,0.7156573580169439
845,0.8796976680804233,0.5572168474543144,0.5572168474543144,1.0,0.7156573580169439
846,0.8796987195831352,0.5572168474543144,0.5572168474543144,1.0,0.7156573580169439
847,0.8796986306945871,0.5572168474543144,0.5572168474543144,1.0,0.7156573580169439
848,0.8796980227153267,0.5572168474543144,0.5572168474543144,1.0,0.7156573580169439
849,0.879697962487857,0.5572168474543144,0.5572168474543144,1.0,0.7156573580169439
850,0.8796980085256765,0.5572168474543144,0.5572168474543144,1.0,0.7156573580169439
851,0.8796974808269723,0.5572168474543144,0.5572168474543144,1.0,0.7156573580169439
852,0.8796991596001031,0.5572168474543144,0.5572168474543144,1.0,0.7156573580169439
853,0.8796980880574945,0.5572168474543144,0.5572168474543144,1.0,0.7156573580169439
854,0.8796975437732238,0.5572168474543144,0.5572168474543144,1.0,0.7156573580169439
855,0.8796979181939959,0.5572168474543144,0.5572168474543144,1.0,0.7156573580169439
856,0.8796971044969334,0.5572168474543144,0.5572168474543144,1.0,0.7156573580169439
857,0.8796994521447157,0.5572168474543144,0.5572168474543144,1.0,0.7156573580169439
858,0.8796981082430348,0.5572168474543144,0.5572168474543144,1.0,0.7156573580169439
859,0.8796975141780728,0.5572168474543144,0.5572168474543144,1.0,0.7156573580169439
860,0.8796980510736936,0.5572168474543144,0.5572168474543144,1.0,0.7156573580169439
861,0.8796978552345197,0.5572168474543144,0.5572168474543144,1.0,0.7156573580169439
862,0.879698683922134,0.5572168474543144,0.5572168474543144,1.0,0.7156573580169439
863,0.879698421202466,0.5572168474543144,0.5572168474543144,1.0,0.7156573580169439
864,0.879698618428932,0.5572168474543144,0.5572168474543144,1.0,0.7156573580169439
865,0.8796967270781958,0.5572168474543144,0.5572168474543144,1.0,0.7156573580169439
866,0.879699214264433,0.5572168474543144,0.5572168474543144,1.0,0.7156573580169439
867,0.8796984125618731,0.5572168474543144,0.5572168474543144,1.0,0.7156573580169439
868,0.8796983922822724,0.5572168474543144,0.5572168474543144,1.0,0.7156573580169439
869,0.8796977004646479,0.5572168474543144,0.5572168474543144,1.0,0.7156573580169439
870,0.8796968696689575,0.5572168474543144,0.5572168474543144,1.0,0.7156573580169439
871,0.879697419482018,0.5572168474543144,0.5572168474543144,1.0,0.7156573580169439
872,0.879698783596948,0.5572168474543144,0.5572168474543144,1.0,0.7156573580169439
873,0.8796975534417082,0.5572168474543144,0.5572168474543144,1.0,0.7156573580169439
874,0.879697959927254,0.5572168474543144,0.5572168474543144,1.0,0.7156573580169439
875,0.879697533658962,0.5572168474543144,0.5572168474543144,1.0,0.7156573580169439
876,0.87969801663842,0.5572168474543144,0.5572168474543144,1.0,0.7156573580169439
877,0.879698253195946,0.5572168474543144,0.5572168474543144,1.0,0.7156573580169439
878,0.8796989413128508,0.5572168474543144,0.5572168474543144,1.0,0.7156573580169439
879,0.879699024441908,0.5572168474543144,0.5572168474543144,1.0,0.7156573580169439
880,0.8796957889979894,0.5572168474543144,0.5572168474543144,1.0,0.7156573580169439
881,0.8796993871033056,0.5572168474543144,0.5572168474543144,1.0,0.7156573580169439
882,0.8796981711409185,0.5572168474543144,0.5572168474543144,1.0,0.7156573580169439
883,0.8796975338163482,0.5572168474543144,0.5572168474543144,1.0,0.7156573580169439
884,0.8796965532468471,0.5572168474543144,0.5572168474543144,1.0,0.7156573580169439
885,0.8796979101122511,0.5572168474543144,0.5572168474543144,1.0,0.7156573580169439
886,0.8796987638917784,0.5572168474543144,0.5572168474543144,1.0,0.7156573580169439
887,0.8796978768895527,0.5572168474543144,0.5572168474543144,1.0,0.7156573580169439
888,0.8796988101728784,0.5572168474543144,0.5572168474543144,1.0,0.7156573580169439
889,0.8796979469074594,0.5572168474543144,0.5572168474543144,1.0,0.7156573580169439
890,0.8796992229833724,0.5572168474543144,0.5572168474543144,1.0,0.7156573580169439
891,0.8796981865491769,0.5572168474543144,0.5572168474543144,1.0,0.7156573580169439
892,0.879697730410087,0.5572168474543144,0.5572168474543144,1.0,0.7156573580169439
893,0.8796992229163433,0.5572168474543144,0.5572168474543144,1.0,0.7156573580169439
894,0.8796976222551812,0.5572168474543144,0.5572168474543144,1.0,0.7156573580169439
895,0.8796965037562421,0.5572168474543144,0.5572168474543144,1.0,0.7156573580169439
896,0.8796983649151221,0.5572168474543144,0.5572168474543144,1.0,0.7156573580169439
897,0.8796986774061202,0.5572168474543144,0.5572168474543144,1.0,0.7156573580169439
898,0.8796979281311299,0.5572168474543144,0.5572168474543144,1.0,0.7156573580169439
899,0.8796976239723452,0.5572168474543144,0.5572168474543144,1.0,0.7156573580169439
900,0.8796976308312026,0.5572168474543144,0.5572168474543144,1.0,0.7156573580169439
901,0.8796991103962364,0.5572168474543144,0.5572168474543144,1.0,0.7156573580169439
902,0.8796978899064828,0.5572168474543144,0.5572168474543144,1.0,0.7156573580169439
903,0.8796969331135337,0.5572168474543144,0.5572168474543144,1.0,0.7156573580169439
904,0.8796982318760257,0.5572168474543144,0.5572168474543144,1.0,0.7156573580169439
905,0.879696490201279,0.5572168474543144,0.5572168474543144,1.0,0.7156573580169439
906,0.8796979282659237,0.5572168474543144,0.5572168474543144,1.0,0.7156573580169439
907,0.8796969821550252,0.5572168474543144,0.5572168474543144,1.0,0.7156573580169439
908,0.8796994164697076,0.5572168474543144,0.5572168474543144,1.0,0.7156573580169439
909,0.8796982110812618,0.5572168474543144,0.5572168474543144,1.0,0.7156573580169439
910,0.8796955999536697,0.5572168474543144,0.5572168474543144,1.0,0.7156573580169439
911,0.8796990839512322,0.5572168474543144,0.5572168474543144,1.0,0.7156573580169439
912,0.8796982807968015,0.5572168474543144,0.5572168474543144,1.0,0.7156573580169439
913,0.8796996401972692,0.5572168474543144,0.5572168474543144,1.0,0.7156573580169439
914,0.8796989314877022,0.5572168474543144,0.5572168474543144,1.0,0.7156573580169439
915,0.8796969999108534,0.5572168474543144,0.5572168474543144,1.0,0.7156573580169439
916,0.8796987541872006,0.5572168474543144,0.5572168474543144,1.0,0.7156573580169439
917,0.8796991804242708,0.5572168474543144,0.5572168474543144,1.0,0.7156573580169439
918,0.8796984859985233,0.5572168474543144,0.5572168474543144,1.0,0.7156573580169439
919,0.8796977704309642,0.5572168474543144,0.5572168474543144,1.0,0.7156573580169439
920,0.8796985731346044,0.5572168474543144,0.5572168474543144,1.0,0.7156573580169439
921,0.8796984855361181,0.5572168474543144,0.5572168474543144,1.0,0.7156573580169439
922,0.8796985499317845,0.5572168474543144,0.5572168474543144,1.0,0.7156573580169439
923,0.8796983072037355,0.5572168474543144,0.5572168474543144,1.0,0.7156573580169439
924,0.8796974425527131,0.5572168474543144,0.5572168474543144,1.0,0.7156573580169439
925,0.8796988674866452,0.5572168474543144,0.5572168474543144,1.0,0.7156573580169439
926,0.8796989369038808,0.5572168474543144,0.5572168474543144,1.0,0.7156573580169439
927,0.879698797165201,0.5572168474543144,0.5572168474543144,1.0,0.7156573580169439
928,0.8796986236287724,0.5572168474543144,0.5572168474543144,1.0,0.7156573580169439
929,0.8796962252950632,0.5572168474543144,0.5572168474543144,1.0,0.7156573580169439
930,0.8796975767288245,0.5572168474543144,0.5572168474543144,1.0,0.7156573580169439
931,0.879699009600812,0.5572168474543144,0.5572168474543144,1.0,0.7156573580169439
932,0.8796986496864642,0.5572168474543144,0.5572168474543144,1.0,0.7156573580169439
933,0.8796985600619758,0.5572168474543144,0.5572168474543144,1.0,0.7156573580169439
934,0.8796981059854362,0.5572168474543144,0.5572168474543144,1.0,0.7156573580169439
935,0.8796974115467213,0.5572168474543144,0.5572168474543144,1.0,0.7156573580169439
936,0.8796993095330317,0.5572168474543144,0.5572168474543144,1.0,0.7156573580169439
937,0.8796976520345937,0.5572168474543144,0.5572168474543144,1.0,0.7156573580169439
938,0.8796972695651807,0.5572168474543144,0.5572168474543144,1.0,0.7156573580169439
939,0.8796968511228079,0.5572168474543144,0.5572168474543144,1.0,0.7156573580169439
940,0.8796991145546107,0.5572168474543144,0.5572168474543144,1.0,0.7156573580169439
941,0.8796991367467691,0.5572168474543144,0.5572168474543144,1.0,0.7156573580169439
942,0.8796971487633833,0.5572168474543144,0.5572168474543144,1.0,0.7156573580169439
943,0.8796985980741258,0.5572168474543144,0.5572168474543144,1.0,0.7156573580169439
944,0.8796983441877271,0.5572168474543144,0.5572168474543144,1.0,0.7156573580169439
945,0.879698522261418,0.5572168474543144,0.5572168474543144,1.0,0.7156573580169439
946,0.8796984150129624,0.5572168474543144,0.5572168474543144,1.0,0.7156573580169439
947,0.8796979338619331,0.5572168474543144,0.5572168474543144,1.0,0.7156573580169439
948,0.8796996933862739,0.5572168474543144,0.5572168474543144,1.0,0.7156573580169439
949,0.8796973034029985,0.5572168474543144,0.5572168474543144,1.0,0.7156573580169439
950,0.8796974104346308,0.5572168474543144,0.5572168474543144,1.0,0.7156573580169439
951,0.8796990036492746,0.5572168474543144,0.5572168474543144,1.0,0.7156573580169439
952,0.8796971328400883,0.5572168474543144,0.5572168474543144,1.0,0.7156573580169439
953,0.8796978195431098,0.5572168474543144,0.5572168474543144,1.0,0.7156573580169439
954,0.8796979766684085,0.5572168474543144,0.5572168474543144,1.0,0.7156573580169439
955,0.8796978057319598,0.5572168474543144,0.5572168474543144,1.0,0.7156573580169439
956,0.8796978589580129,0.5572168474543144,0.5572168474543144,1.0,0.7156573580169439
957,0.8796977681408196,0.5572168474543144,0.5572168474543144,1.0,0.7156573580169439
958,0.8796975461885072,0.5572168474543144,0.5572168474543144,1.0,0.7156573580169439
959,0.8796982658508561,0.5572168474543144,0.5572168474543144,1.0,0.7156573580169439
960,0.879697872009645,0.5572168474543144,0.5572168474543144,1.0,0.7156573580169439
961,0.8796993472372783,0.5572168474543144,0.5572168474543144,1.0,0.7156573580169439
962,0.8796973189094401,0.5572168474543144,0.5572168474543144,1.0,0.7156573580169439
963,0.8796980994668929,0.5572168474543144,0.5572168474543144,1.0,0.7156573580169439
964,0.8796987591094471,0.5572168474543144,0.5572168474543144,1.0,0.7156573580169439
965,0.8796973954802403,0.5572168474543144,0.5572168474543144,1.0,0.7156573580169439
966,0.879698744021155,0.5572168474543144,0.5572168474543144,1.0,0.7156573580169439
967,0.8796985080632209,0.5572168474543144,0.5572168474543144,1.0,0.7156573580169439
968,0.8796989514720102,0.5572168474543144,0.5572168474543144,1.0,0.7156573580169439
969,0.8796974446452926,0.5572168474543144,0.5572168474543144,1.0,0.7156573580169439
970,0.879697438466753,0.5572168474543144,0.5572168474543144,1.0,0.7156573580169439
971,0.8796985660620514,0.5572168474543144,0.5572168474543144,1.0,0.7156573580169439
972,0.8796974866679677,0.5572168474543144,0.5572168474543144,1.0,0.7156573580169439
973,0.8796975083903308,0.5572168474543144,0.5572168474543144,1.0,0.7156573580169439
974,0.8796985896818014,0.5572168474543144,0.5572168474543144,1.0,0.7156573580169439
975,0.8796993750905915,0.5572168474543144,0.5572168474543144,1.0,0.7156573580169439
976,0.8796993616354712,0.5572168474543144,0.5572168474543144,1.0,0.7156573580169439
977,0.8796971236858095,0.5572168474543144,0.5572168474543144,1.0,0.7156573580169439
978,0.8796984897412063,0.5572168474543144,0.5572168474543144,1.0,0.7156573580169439
979,0.8796978827306939,0.5572168474543144,0.5572168474543144,1.0,0.7156573580169439
980,0.8796998672399292,0.5572168474543144,0.5572168474543144,1.0,0.7156573580169439
981,0.8796973199250929,0.5572168474543144,0.5572168474543144,1.0,0.7156573580169439
982,0.8796989240178414,0.5572168474543144,0.5572168474543144,1.0,0.7156573580169439
983,0.8796973346324699,0.5572168474543144,0.5572168474543144,1.0,0.7156573580169439
984,0.8796978498141418,0.5572168474543144,0.5572168474543144,1.0,0.7156573580169439
985,0.8796973817285486,0.5572168474543144,0.5572168474543144,1.0,0.7156573580169439
986,0.8796976303335536,0.5572168474543144,0.5572168474543144,1.0,0.7156573580169439
987,0.879699428524216,0.5572168474543144,0.5572168474543144,1.0,0.7156573580169439
988,0.879698733712154,0.5572168474543144,0.5572168474543144,1.0,0.7156573580169439
989,0.879697985503822,0.5572168474543144,0.5572168474543144,1.0,0.7156573580169439
990,0.8796981394825332,0.5572168474543144,0.5572168474543144,1.0,0.7156573580169439
991,0.8796967762897311,0.5572168474543144,0.5572168474543144,1.0,0.7156573580169439
992,0.8797000508337642,0.5572168474543144,0.5572168474543144,1.0,0.7156573580169439
993,0.8796978123034457,0.5572168474543144,0.5572168474543144,1.0,0.7156573580169439
994,0.8796977997484718,0.5572168474543144,0.5572168474543144,1.0,0.7156573580169439
995,0.8796988225034628,0.5572168474543144,0.5572168474543144,1.0,0.7156573580169439
996,0.8796978055307085,0.5572168474543144,0.5572168474543144,1.0,0.7156573580169439
997,0.8796993823123839,0.5572168474543144,0.5572168474543144,1.0,0.7156573580169439
998,0.8796978649615671,0.5572168474543144,0.5572168474543144,1.0,0.7156573580169439
999,0.8796987787221694,0.5572168474543144,0.5572168474543144,1.0,0.7156573580169439
1000,0.8796985801870372,0.5572168474543144,0.5572168474543144,1.0,0.7156573580169439
